submission_id,part_id,supplier_id,fiscal_period,submitted_unit_cost,material_cost,labor_cost,overhead_cost,margin_pct,currency,submitted_by,submitted_at,status,source_file
1,35,3,FY26-Q1,12.654,8.135,1.637,2.882,13.47,USD,m.chen@vendor-portal.example,2026-05-30,approved,historical_seed.csv
2,5,5,FY26-Q2,7.274,4.519,1.491,1.264,3.8,USD,a.osei@vendor-portal.example,2026-06-15,pending,historical_seed.csv
3,44,13,FY26-Q1,0.503,0.326,0.061,0.116,11.26,USD,m.chen@vendor-portal.example,2026-06-02,pending,historical_seed.csv
4,37,17,FY26-Q2,6.936,4.769,0.916,1.251,4.47,USD,r.kowalski@vendor-portal.example,2026-04-13,approved,historical_seed.csv
5,30,20,FY26-Q2,2.773,1.902,0.456,0.415,4.75,USD,a.osei@vendor-portal.example,2026-05-19,approved,historical_seed.csv
6,21,9,FY26-Q2,0.516,0.29,0.077,0.149,5.99,USD,m.chen@vendor-portal.example,2026-08-12,pending,historical_seed.csv
7,31,5,FY26-Q3,9.562,6.272,1.209,2.081,7.48,USD,m.chen@vendor-portal.example,2026-08-22,approved,historical_seed.csv
8,37,14,FY26-Q2,7.968,5.297,1.259,1.412,3.06,USD,r.kowalski@vendor-portal.example,2026-03-07,approved,historical_seed.csv
9,45,18,FY26-Q3,0.418,0.257,0.051,0.11,6.7,USD,r.kowalski@vendor-portal.example,2026-06-30,pending,historical_seed.csv
10,32,5,FY26-Q3,3.408,2.076,0.601,0.731,3.3,USD,m.chen@vendor-portal.example,2026-01-29,approved,historical_seed.csv
11,44,2,FY26-Q2,0.527,0.326,0.081,0.12,12.68,USD,s.patel@vendor-portal.example,2026-02-19,pending,historical_seed.csv
12,5,3,FY26-Q1,9.431,5.261,2.029,2.141,5.47,USD,j.alvarez@vendor-portal.example,2026-09-02,pending,historical_seed.csv
13,5,8,FY26-Q1,8.885,5.205,1.487,2.193,4.26,USD,s.patel@vendor-portal.example,2026-05-14,approved,historical_seed.csv
14,16,6,FY26-Q2,0.675,0.388,0.102,0.185,9.37,USD,r.kowalski@vendor-portal.example,2026-03-14,approved,historical_seed.csv
15,11,7,FY26-Q3,1.555,1.002,0.202,0.351,11.5,USD,t.nakamura@vendor-portal.example,2026-07-23,approved,historical_seed.csv
16,44,2,FY26-Q2,0.626,0.351,0.116,0.159,3.14,USD,r.kowalski@vendor-portal.example,2026-07-30,pending,historical_seed.csv
17,19,12,FY26-Q3,2.306,1.522,0.499,0.285,5.97,USD,r.kowalski@vendor-portal.example,2026-01-27,pending,historical_seed.csv
18,17,19,FY26-Q1,3.79,2.557,0.488,0.745,12.7,USD,s.patel@vendor-portal.example,2026-03-12,pending,historical_seed.csv
19,26,1,FY26-Q3,2.03,1.181,0.406,0.443,6.74,USD,t.nakamura@vendor-portal.example,2026-05-04,pending,historical_seed.csv
20,21,1,FY26-Q3,0.46,0.303,0.078,0.079,11.34,USD,r.kowalski@vendor-portal.example,2026-01-14,approved,historical_seed.csv
21,14,1,FY26-Q2,4.254,2.781,0.641,0.832,9.4,USD,r.kowalski@vendor-portal.example,2026-03-30,approved,historical_seed.csv
22,37,18,FY26-Q1,7.437,4.393,1.079,1.965,4.33,USD,m.chen@vendor-portal.example,2026-06-20,approved,historical_seed.csv
23,37,7,FY26-Q1,7.512,5.232,1.296,0.984,6.11,USD,m.chen@vendor-portal.example,2026-04-24,pending,historical_seed.csv
24,9,12,FY26-Q3,1.103,0.695,0.163,0.245,13.72,USD,a.osei@vendor-portal.example,2026-07-20,approved,historical_seed.csv
25,5,16,FY26-Q1,8.683,5.387,1.424,1.872,5.03,USD,j.alvarez@vendor-portal.example,2026-01-21,approved,historical_seed.csv
26,31,3,FY26-Q3,6.803,4.384,0.853,1.566,4.64,USD,m.chen@vendor-portal.example,2026-08-10,rejected,historical_seed.csv
27,27,4,FY26-Q2,3.256,2.177,0.464,0.615,8.75,USD,t.nakamura@vendor-portal.example,2026-04-23,rejected,historical_seed.csv
28,37,14,FY26-Q1,7.116,4.704,1.528,0.884,5.29,USD,m.chen@vendor-portal.example,2026-08-12,approved,historical_seed.csv
29,35,8,FY26-Q2,9.137,5.029,1.508,2.6,9.53,USD,a.osei@vendor-portal.example,2026-04-28,approved,historical_seed.csv
30,45,10,FY26-Q3,0.381,0.223,0.056,0.102,11.7,USD,r.kowalski@vendor-portal.example,2026-06-13,approved,historical_seed.csv
31,24,4,FY26-Q1,3.163,2.171,0.641,0.351,3.79,USD,r.kowalski@vendor-portal.example,2026-04-28,pending,historical_seed.csv
32,11,4,FY26-Q2,1.275,0.778,0.188,0.309,8.94,USD,r.kowalski@vendor-portal.example,2026-09-02,approved,historical_seed.csv
33,6,11,FY26-Q1,3.869,2.686,0.788,0.395,9.33,USD,t.nakamura@vendor-portal.example,2026-05-08,rejected,historical_seed.csv
34,31,2,FY26-Q2,8.783,5.413,1.298,2.072,13.97,USD,j.alvarez@vendor-portal.example,2026-01-14,approved,historical_seed.csv
35,15,16,FY26-Q3,4.398,2.861,0.905,0.632,6.63,USD,t.nakamura@vendor-portal.example,2026-03-01,approved,historical_seed.csv
36,16,2,FY26-Q3,0.535,0.32,0.116,0.099,7.45,USD,a.osei@vendor-portal.example,2026-09-22,pending,historical_seed.csv
37,31,18,FY26-Q2,6.715,4.215,1.224,1.276,8.48,USD,s.patel@vendor-portal.example,2026-06-10,pending,historical_seed.csv
38,33,18,FY26-Q3,0.526,0.344,0.07,0.112,13.7,USD,s.patel@vendor-portal.example,2026-07-03,pending,historical_seed.csv
39,11,18,FY26-Q1,1.35,0.788,0.276,0.286,4.25,USD,r.kowalski@vendor-portal.example,2026-07-06,approved,historical_seed.csv
40,33,10,FY26-Q1,0.519,0.323,0.087,0.109,8.02,USD,j.alvarez@vendor-portal.example,2026-07-15,approved,historical_seed.csv
41,42,9,FY26-Q2,0.696,0.436,0.141,0.119,6.11,USD,m.chen@vendor-portal.example,2026-01-15,pending,historical_seed.csv
42,42,15,FY26-Q1,0.521,0.346,0.082,0.093,13.26,USD,t.nakamura@vendor-portal.example,2026-05-23,rejected,historical_seed.csv
43,9,13,FY26-Q2,1.126,0.745,0.215,0.166,11.93,USD,r.kowalski@vendor-portal.example,2026-07-07,rejected,historical_seed.csv
44,35,2,FY26-Q1,14.455,8.67,1.88,3.905,12.3,USD,j.alvarez@vendor-portal.example,2026-02-01,approved,historical_seed.csv
45,19,5,FY26-Q2,1.866,1.245,0.273,0.348,9.86,USD,a.osei@vendor-portal.example,2026-04-07,approved,historical_seed.csv
46,29,18,FY26-Q3,9.116,6.227,1.539,1.35,8.95,USD,m.chen@vendor-portal.example,2026-04-28,approved,historical_seed.csv
47,5,3,FY26-Q2,9.48,6.215,1.233,2.032,4.83,USD,s.patel@vendor-portal.example,2026-08-30,rejected,historical_seed.csv
48,42,2,FY26-Q1,0.533,0.305,0.092,0.136,9.23,USD,t.nakamura@vendor-portal.example,2026-08-13,approved,historical_seed.csv
49,22,13,FY26-Q2,9.164,5.842,1.312,2.01,10.02,USD,r.kowalski@vendor-portal.example,2026-09-18,approved,historical_seed.csv
50,20,10,FY26-Q2,0.464,0.321,0.102,0.041,6.29,USD,s.patel@vendor-portal.example,2026-02-01,approved,historical_seed.csv
51,37,7,FY26-Q3,5.382,3.268,0.839,1.275,6.25,USD,s.patel@vendor-portal.example,2026-03-04,approved,historical_seed.csv
52,2,1,FY26-Q1,0.565,0.374,0.115,0.076,12.93,USD,m.chen@vendor-portal.example,2026-03-26,approved,historical_seed.csv
53,37,7,FY26-Q2,7.18,4.922,1.326,0.932,6.4,USD,a.osei@vendor-portal.example,2026-03-20,approved,historical_seed.csv
54,29,5,FY26-Q2,7.801,4.777,1.093,1.931,11.65,USD,m.chen@vendor-portal.example,2026-05-06,approved,historical_seed.csv
55,33,9,FY26-Q1,0.611,0.367,0.08,0.164,13.59,USD,a.osei@vendor-portal.example,2026-05-30,pending,historical_seed.csv
56,29,13,FY26-Q2,6.766,4.122,0.991,1.653,4.36,USD,t.nakamura@vendor-portal.example,2026-05-11,approved,historical_seed.csv
57,29,13,FY26-Q3,6.845,4.005,0.839,2.001,12.73,USD,a.osei@vendor-portal.example,2026-06-01,approved,historical_seed.csv
58,29,3,FY26-Q2,9.214,5.229,1.147,2.838,3.41,USD,t.nakamura@vendor-portal.example,2026-05-25,approved,historical_seed.csv
59,36,5,FY26-Q3,3.238,2.242,0.614,0.382,8.94,USD,r.kowalski@vendor-portal.example,2026-07-05,pending,historical_seed.csv
60,11,4,FY26-Q2,1.35,0.935,0.166,0.249,7.08,USD,s.patel@vendor-portal.example,2026-05-25,approved,historical_seed.csv
61,26,4,FY26-Q1,2.48,1.728,0.387,0.365,7.38,USD,j.alvarez@vendor-portal.example,2026-02-02,rejected,historical_seed.csv
62,3,7,FY26-Q1,1.855,1.088,0.246,0.521,9.21,USD,t.nakamura@vendor-portal.example,2026-06-08,pending,historical_seed.csv
63,9,7,FY26-Q1,1.675,1.119,0.301,0.255,6.05,USD,m.chen@vendor-portal.example,2026-05-17,rejected,historical_seed.csv
64,7,4,FY26-Q1,2.071,1.25,0.412,0.409,9.48,USD,m.chen@vendor-portal.example,2026-08-27,approved,historical_seed.csv
65,4,14,FY26-Q3,3.189,2.126,0.546,0.517,4.2,USD,a.osei@vendor-portal.example,2026-08-31,approved,historical_seed.csv
66,37,17,FY26-Q2,7.232,4.011,1.59,1.631,12.32,USD,a.osei@vendor-portal.example,2026-01-14,approved,historical_seed.csv
67,37,15,FY26-Q3,6.125,3.505,0.812,1.808,9.87,USD,r.kowalski@vendor-portal.example,2026-04-09,approved,historical_seed.csv
68,13,20,FY26-Q3,3.361,2.154,0.437,0.77,10.72,USD,r.kowalski@vendor-portal.example,2026-06-04,approved,historical_seed.csv
69,9,15,FY26-Q2,1.347,0.832,0.218,0.297,4.05,USD,s.patel@vendor-portal.example,2026-05-15,approved,historical_seed.csv
70,15,5,FY26-Q3,3.744,2.526,0.484,0.734,4.06,USD,t.nakamura@vendor-portal.example,2026-07-18,approved,historical_seed.csv
71,16,2,FY26-Q3,0.564,0.384,0.121,0.059,7.65,USD,t.nakamura@vendor-portal.example,2026-04-28,approved,historical_seed.csv
72,3,10,FY26-Q1,1.682,0.979,0.312,0.391,5.47,USD,j.alvarez@vendor-portal.example,2026-03-18,approved,historical_seed.csv
73,27,9,FY26-Q3,3.634,2.53,0.733,0.371,9.75,USD,j.alvarez@vendor-portal.example,2026-05-09,approved,historical_seed.csv
74,13,6,FY26-Q3,4.185,2.522,0.578,1.085,4.58,USD,a.osei@vendor-portal.example,2026-07-12,approved,historical_seed.csv
75,34,1,FY26-Q2,5.329,3.232,0.881,1.216,4.73,USD,j.alvarez@vendor-portal.example,2026-08-10,pending,historical_seed.csv
76,35,5,FY26-Q3,8.986,5.052,1.477,2.457,7.66,USD,m.chen@vendor-portal.example,2026-05-06,approved,historical_seed.csv
77,17,17,FY26-Q3,3.097,1.835,0.582,0.68,8.35,USD,r.kowalski@vendor-portal.example,2026-06-02,approved,historical_seed.csv
78,7,20,FY26-Q2,2.166,1.498,0.426,0.242,11.41,USD,r.kowalski@vendor-portal.example,2026-09-19,approved,historical_seed.csv
79,10,14,FY26-Q2,3.434,2.251,0.584,0.599,12.17,USD,r.kowalski@vendor-portal.example,2026-09-01,approved,historical_seed.csv
80,18,1,FY26-Q2,3.749,2.386,0.665,0.698,10.8,USD,j.alvarez@vendor-portal.example,2026-02-27,approved,historical_seed.csv
81,11,11,FY26-Q1,1.388,0.907,0.217,0.264,7.8,USD,t.nakamura@vendor-portal.example,2026-03-01,approved,historical_seed.csv
82,29,3,FY26-Q3,9.637,5.621,1.907,2.109,3.84,USD,s.patel@vendor-portal.example,2026-06-15,approved,historical_seed.csv
83,3,12,FY26-Q3,1.289,0.758,0.177,0.354,4.68,USD,r.kowalski@vendor-portal.example,2026-01-13,approved,historical_seed.csv
84,31,19,FY26-Q2,9.505,6.485,1.752,1.268,13.85,USD,m.chen@vendor-portal.example,2026-04-14,pending,historical_seed.csv
85,37,15,FY26-Q3,6.539,3.893,0.964,1.682,3.62,USD,r.kowalski@vendor-portal.example,2026-01-29,approved,historical_seed.csv
86,29,2,FY26-Q3,10.013,5.622,2.067,2.324,12.41,USD,r.kowalski@vendor-portal.example,2026-03-10,approved,historical_seed.csv
87,5,19,FY26-Q2,8.151,5.473,1.509,1.169,6.54,USD,r.kowalski@vendor-portal.example,2026-08-22,approved,historical_seed.csv
88,11,4,FY26-Q2,1.116,0.722,0.138,0.256,10.78,USD,s.patel@vendor-portal.example,2026-07-03,approved,historical_seed.csv
89,37,12,FY26-Q3,6.424,3.859,1.155,1.41,11.68,USD,j.alvarez@vendor-portal.example,2026-04-07,approved,historical_seed.csv
90,29,18,FY26-Q1,7.474,5.065,1.618,0.791,9.63,USD,s.patel@vendor-portal.example,2026-07-12,approved,historical_seed.csv
91,44,10,FY26-Q3,0.469,0.308,0.06,0.101,9.15,USD,a.osei@vendor-portal.example,2026-07-19,pending,historical_seed.csv
92,43,17,FY26-Q1,4.036,2.528,0.492,1.016,6.4,USD,m.chen@vendor-portal.example,2026-01-17,approved,historical_seed.csv
93,22,8,FY26-Q3,7.19,4.865,0.936,1.389,11.48,USD,a.osei@vendor-portal.example,2026-09-03,pending,historical_seed.csv
94,11,11,FY26-Q1,1.327,0.762,0.27,0.295,11.48,USD,r.kowalski@vendor-portal.example,2026-08-31,pending,historical_seed.csv
95,9,12,FY26-Q1,1.552,1.029,0.308,0.215,5.57,USD,m.chen@vendor-portal.example,2026-01-25,approved,historical_seed.csv
96,36,12,FY26-Q1,3.945,2.63,0.672,0.643,7.61,USD,s.patel@vendor-portal.example,2026-07-14,pending,historical_seed.csv
97,42,2,FY26-Q2,0.586,0.331,0.12,0.135,12.36,USD,s.patel@vendor-portal.example,2026-07-02,approved,historical_seed.csv
98,9,15,FY26-Q1,1.162,0.798,0.234,0.13,12.73,USD,t.nakamura@vendor-portal.example,2026-03-04,approved,historical_seed.csv
99,9,12,FY26-Q3,1.84,1.115,0.226,0.499,13.24,USD,m.chen@vendor-portal.example,2026-07-10,approved,historical_seed.csv
100,45,2,FY26-Q1,0.537,0.307,0.102,0.128,7.93,USD,s.patel@vendor-portal.example,2026-09-13,rejected,historical_seed.csv
101,11,7,FY26-Q1,1.736,1.113,0.282,0.341,11.54,USD,m.chen@vendor-portal.example,2026-08-29,approved,historical_seed.csv
102,37,14,FY26-Q3,5.397,3.701,0.97,0.726,3.18,USD,s.patel@vendor-portal.example,2026-07-11,approved,historical_seed.csv
103,41,14,FY26-Q3,3.626,2.305,0.503,0.818,10.35,USD,t.nakamura@vendor-portal.example,2026-08-19,rejected,historical_seed.csv
104,9,18,FY26-Q3,1.749,0.973,0.278,0.498,7.11,USD,s.patel@vendor-portal.example,2026-08-19,approved,historical_seed.csv
105,35,8,FY26-Q3,13.08,7.846,1.628,3.606,9.01,USD,a.osei@vendor-portal.example,2026-01-28,approved,historical_seed.csv
106,20,16,FY26-Q2,0.688,0.385,0.136,0.167,8.03,USD,j.alvarez@vendor-portal.example,2026-06-12,approved,historical_seed.csv
107,32,11,FY26-Q3,4.263,2.866,0.713,0.684,3.4,USD,j.alvarez@vendor-portal.example,2026-03-24,approved,historical_seed.csv
108,6,11,FY26-Q2,5.642,3.473,0.903,1.266,7.84,USD,r.kowalski@vendor-portal.example,2026-06-19,approved,historical_seed.csv
109,40,16,FY26-Q3,5.466,3.663,1.053,0.75,3.87,USD,t.nakamura@vendor-portal.example,2026-06-22,rejected,historical_seed.csv
110,3,10,FY26-Q2,1.27,0.824,0.191,0.255,9.63,USD,s.patel@vendor-portal.example,2026-02-07,approved,historical_seed.csv
111,37,15,FY26-Q1,7.134,4.389,1.312,1.433,11.71,USD,s.patel@vendor-portal.example,2026-02-27,approved,historical_seed.csv
112,22,17,FY26-Q1,11.301,6.458,2.043,2.8,11.59,USD,a.osei@vendor-portal.example,2026-05-25,approved,historical_seed.csv
113,37,12,FY26-Q2,8.288,4.599,1.122,2.567,7.95,USD,t.nakamura@vendor-portal.example,2026-08-14,approved,historical_seed.csv
114,14,5,FY26-Q3,4.701,3.044,0.681,0.976,4.25,USD,t.nakamura@vendor-portal.example,2026-03-08,approved,historical_seed.csv
115,9,4,FY26-Q2,1.622,0.944,0.294,0.384,10.63,USD,j.alvarez@vendor-portal.example,2026-07-15,approved,historical_seed.csv
116,11,15,FY26-Q2,1.377,0.775,0.259,0.343,12.3,USD,t.nakamura@vendor-portal.example,2026-08-20,approved,historical_seed.csv
117,37,18,FY26-Q2,7.949,5.221,1.691,1.037,10.01,USD,m.chen@vendor-portal.example,2026-07-22,approved,historical_seed.csv
118,31,5,FY26-Q3,6.591,4.173,1.034,1.384,11.84,USD,j.alvarez@vendor-portal.example,2026-08-09,approved,historical_seed.csv
119,11,10,FY26-Q1,1.576,0.991,0.31,0.275,12.06,USD,a.osei@vendor-portal.example,2026-04-13,approved,historical_seed.csv
120,31,3,FY26-Q3,9.5,5.716,1.974,1.81,11.58,USD,r.kowalski@vendor-portal.example,2026-07-18,approved,historical_seed.csv
121,4,17,FY26-Q1,3.258,1.941,0.444,0.873,13.28,USD,j.alvarez@vendor-portal.example,2026-04-30,approved,historical_seed.csv
122,38,9,FY26-Q3,2.895,1.864,0.525,0.506,4.03,USD,m.chen@vendor-portal.example,2026-07-06,approved,historical_seed.csv
123,41,20,FY26-Q1,3.596,2.476,0.446,0.674,12.5,USD,a.osei@vendor-portal.example,2026-05-10,approved,historical_seed.csv
124,37,7,FY26-Q2,6.731,4.335,1.003,1.393,13.52,USD,s.patel@vendor-portal.example,2026-02-27,approved,historical_seed.csv
125,37,15,FY26-Q1,5.559,3.404,0.925,1.23,6.74,USD,a.osei@vendor-portal.example,2026-04-12,approved,historical_seed.csv
126,19,12,FY26-Q1,2.702,1.695,0.353,0.654,5.66,USD,m.chen@vendor-portal.example,2026-05-19,approved,historical_seed.csv
127,33,4,FY26-Q1,0.667,0.453,0.108,0.106,13.59,USD,m.chen@vendor-portal.example,2026-04-15,pending,historical_seed.csv
128,30,6,FY26-Q2,2.832,1.931,0.481,0.42,3.99,USD,m.chen@vendor-portal.example,2026-05-22,approved,historical_seed.csv
129,1,19,FY26-Q2,2.184,1.363,0.455,0.366,10.2,USD,j.alvarez@vendor-portal.example,2026-09-18,approved,historical_seed.csv
130,13,14,FY26-Q3,3.843,2.554,0.602,0.687,7.41,USD,t.nakamura@vendor-portal.example,2026-03-21,approved,historical_seed.csv
131,15,10,FY26-Q3,4.819,3.203,0.713,0.903,13.88,USD,j.alvarez@vendor-portal.example,2026-07-19,approved,historical_seed.csv
132,42,13,FY26-Q2,0.587,0.355,0.079,0.153,9.63,USD,j.alvarez@vendor-portal.example,2026-08-30,approved,historical_seed.csv
133,14,5,FY26-Q1,5.731,3.598,0.773,1.36,12.82,USD,m.chen@vendor-portal.example,2026-04-12,approved,historical_seed.csv
134,29,13,FY26-Q3,8.971,5.617,1.534,1.82,8.39,USD,s.patel@vendor-portal.example,2026-09-14,approved,historical_seed.csv
135,44,11,FY26-Q1,0.603,0.404,0.116,0.083,10.57,USD,a.osei@vendor-portal.example,2026-05-10,approved,historical_seed.csv
136,22,19,FY26-Q3,10.214,6.512,1.4,2.302,9.92,USD,m.chen@vendor-portal.example,2026-03-12,pending,historical_seed.csv
137,35,8,FY26-Q1,14.353,8.131,1.75,4.472,6.45,USD,r.kowalski@vendor-portal.example,2026-06-10,approved,historical_seed.csv
138,31,17,FY26-Q1,10.358,6.84,1.307,2.211,4.52,USD,t.nakamura@vendor-portal.example,2026-01-21,approved,historical_seed.csv
139,20,13,FY26-Q3,0.581,0.366,0.101,0.114,10.43,USD,t.nakamura@vendor-portal.example,2026-05-10,approved,historical_seed.csv
140,22,16,FY26-Q2,8.138,4.84,1.743,1.555,13.8,USD,s.patel@vendor-portal.example,2026-01-15,pending,historical_seed.csv
141,32,16,FY26-Q3,5.495,3.678,0.81,1.007,4.34,USD,s.patel@vendor-portal.example,2026-03-04,approved,historical_seed.csv
142,7,5,FY26-Q2,2.275,1.495,0.352,0.428,7.87,USD,m.chen@vendor-portal.example,2026-06-05,pending,historical_seed.csv
143,37,18,FY26-Q3,5.488,3.525,0.981,0.982,5.67,USD,a.osei@vendor-portal.example,2026-05-30,rejected,historical_seed.csv
144,5,8,FY26-Q1,7.995,5.258,1.04,1.697,11.48,USD,r.kowalski@vendor-portal.example,2026-07-04,rejected,historical_seed.csv
145,34,16,FY26-Q1,4.44,3.084,0.675,0.681,10.1,USD,t.nakamura@vendor-portal.example,2026-05-27,approved,historical_seed.csv
146,31,2,FY26-Q2,10.4,5.994,2.204,2.202,13.97,USD,a.osei@vendor-portal.example,2026-06-19,pending,historical_seed.csv
147,6,10,FY26-Q2,4.388,2.81,0.934,0.644,6.69,USD,m.chen@vendor-portal.example,2026-01-13,rejected,historical_seed.csv
148,37,17,FY26-Q2,5.679,3.219,0.774,1.686,8.05,USD,a.osei@vendor-portal.example,2026-09-15,pending,historical_seed.csv
149,32,11,FY26-Q2,4.898,2.836,0.887,1.175,10.03,USD,j.alvarez@vendor-portal.example,2026-04-08,pending,historical_seed.csv
150,5,13,FY26-Q2,7.016,4.007,1.069,1.94,5.73,USD,s.patel@vendor-portal.example,2026-02-06,approved,historical_seed.csv
151,32,11,FY26-Q1,5.009,2.764,0.929,1.316,10.62,USD,s.patel@vendor-portal.example,2026-01-27,approved,historical_seed.csv
152,43,6,FY26-Q1,3.717,2.543,0.708,0.466,6.42,USD,s.patel@vendor-portal.example,2026-04-24,approved,historical_seed.csv
153,24,20,FY26-Q2,3.629,2.256,0.601,0.772,13.88,USD,t.nakamura@vendor-portal.example,2026-01-24,approved,historical_seed.csv
154,11,7,FY26-Q3,1.602,1.091,0.205,0.306,7.91,USD,j.alvarez@vendor-portal.example,2026-07-27,approved,historical_seed.csv
155,20,18,FY26-Q3,0.492,0.334,0.081,0.077,10.48,USD,t.nakamura@vendor-portal.example,2026-08-07,approved,historical_seed.csv
156,37,15,FY26-Q3,5.469,3.349,0.965,1.155,9.15,USD,r.kowalski@vendor-portal.example,2026-09-11,pending,historical_seed.csv
157,11,9,FY26-Q3,1.212,0.68,0.197,0.335,10.7,USD,r.kowalski@vendor-portal.example,2026-08-18,rejected,historical_seed.csv
158,44,2,FY26-Q2,0.484,0.276,0.089,0.119,11.02,USD,r.kowalski@vendor-portal.example,2026-03-11,approved,historical_seed.csv
159,16,13,FY26-Q2,0.647,0.42,0.113,0.114,10.19,USD,t.nakamura@vendor-portal.example,2026-03-05,approved,historical_seed.csv
160,8,5,FY26-Q3,4.64,3.078,1.011,0.551,8.09,USD,m.chen@vendor-portal.example,2026-03-12,approved,historical_seed.csv
161,26,8,FY26-Q1,1.997,1.155,0.414,0.428,11.42,USD,t.nakamura@vendor-portal.example,2026-02-20,pending,historical_seed.csv
162,8,1,FY26-Q1,3.084,1.971,0.508,0.605,10.39,USD,r.kowalski@vendor-portal.example,2026-08-31,approved,historical_seed.csv
163,11,15,FY26-Q2,1.212,0.824,0.152,0.236,8.54,USD,t.nakamura@vendor-portal.example,2026-04-12,approved,historical_seed.csv
164,17,20,FY26-Q2,2.78,1.894,0.608,0.278,8.73,USD,t.nakamura@vendor-portal.example,2026-08-22,approved,historical_seed.csv
165,22,19,FY26-Q3,9.767,5.998,1.656,2.113,13.7,USD,a.osei@vendor-portal.example,2026-04-12,approved,historical_seed.csv
166,37,14,FY26-Q1,6.048,3.493,1.051,1.504,5.65,USD,r.kowalski@vendor-portal.example,2026-07-11,approved,historical_seed.csv
167,44,2,FY26-Q3,0.595,0.339,0.086,0.17,5.24,USD,s.patel@vendor-portal.example,2026-02-04,approved,historical_seed.csv
168,6,3,FY26-Q1,4.313,2.808,0.778,0.727,12.61,USD,r.kowalski@vendor-portal.example,2026-06-03,pending,historical_seed.csv
169,37,7,FY26-Q1,8.314,4.592,1.777,1.945,13.58,USD,m.chen@vendor-portal.example,2026-01-20,pending,historical_seed.csv
170,12,20,FY26-Q2,2.984,1.748,0.454,0.782,6.11,USD,s.patel@vendor-portal.example,2026-03-23,approved,historical_seed.csv
171,30,9,FY26-Q2,3.445,2.136,0.69,0.619,10.95,USD,s.patel@vendor-portal.example,2026-03-17,rejected,historical_seed.csv
172,41,14,FY26-Q3,4.652,3.076,0.566,1.01,9.09,USD,s.patel@vendor-portal.example,2026-02-21,approved,historical_seed.csv
173,29,5,FY26-Q3,7.378,4.688,1.067,1.623,9.06,USD,a.osei@vendor-portal.example,2026-01-15,approved,historical_seed.csv
174,8,16,FY26-Q1,4.433,2.672,0.594,1.167,9.01,USD,t.nakamura@vendor-portal.example,2026-08-23,rejected,historical_seed.csv
175,5,2,FY26-Q3,9.497,5.811,1.94,1.746,5.55,USD,t.nakamura@vendor-portal.example,2026-06-03,approved,historical_seed.csv
176,1,15,FY26-Q2,3.007,1.955,0.546,0.506,8.32,USD,j.alvarez@vendor-portal.example,2026-02-24,approved,historical_seed.csv
177,33,1,FY26-Q2,0.553,0.328,0.094,0.131,10.68,USD,j.alvarez@vendor-portal.example,2026-06-23,pending,historical_seed.csv
178,19,4,FY26-Q2,2.068,1.33,0.3,0.438,6.9,USD,r.kowalski@vendor-portal.example,2026-02-27,approved,historical_seed.csv
179,11,19,FY26-Q3,1.218,0.795,0.249,0.174,10.19,USD,r.kowalski@vendor-portal.example,2026-08-06,pending,historical_seed.csv
180,45,13,FY26-Q2,0.377,0.208,0.052,0.117,8.5,USD,t.nakamura@vendor-portal.example,2026-04-06,approved,historical_seed.csv
181,7,4,FY26-Q2,2.199,1.507,0.416,0.276,9.23,USD,a.osei@vendor-portal.example,2026-08-15,approved,historical_seed.csv
182,3,9,FY26-Q3,1.973,1.178,0.426,0.369,9.46,USD,s.patel@vendor-portal.example,2026-08-14,pending,historical_seed.csv
183,21,6,FY26-Q2,0.604,0.409,0.113,0.082,8.95,USD,a.osei@vendor-portal.example,2026-07-13,pending,historical_seed.csv
184,5,3,FY26-Q3,6.644,3.886,0.848,1.91,9.66,USD,s.patel@vendor-portal.example,2026-03-03,rejected,historical_seed.csv
185,33,1,FY26-Q2,0.622,0.384,0.089,0.149,9.08,USD,j.alvarez@vendor-portal.example,2026-03-12,approved,historical_seed.csv
186,3,20,FY26-Q3,1.794,1.009,0.243,0.542,10.83,USD,s.patel@vendor-portal.example,2026-03-07,approved,historical_seed.csv
187,16,12,FY26-Q1,0.442,0.264,0.069,0.109,5.97,USD,r.kowalski@vendor-portal.example,2026-02-14,approved,historical_seed.csv
188,5,18,FY26-Q2,6.338,3.822,0.82,1.696,9.58,USD,s.patel@vendor-portal.example,2026-09-16,pending,historical_seed.csv
189,37,14,FY26-Q3,7.513,4.763,1.647,1.103,5.67,USD,m.chen@vendor-portal.example,2026-03-12,approved,historical_seed.csv
190,25,5,FY26-Q2,2.185,1.25,0.299,0.636,6.04,USD,s.patel@vendor-portal.example,2026-08-14,approved,historical_seed.csv
191,36,9,FY26-Q2,3.633,2.105,0.475,1.053,6.35,USD,s.patel@vendor-portal.example,2026-03-12,approved,historical_seed.csv
192,23,15,FY26-Q2,3.604,2.447,0.784,0.373,4.5,USD,r.kowalski@vendor-portal.example,2026-06-12,approved,historical_seed.csv
193,9,11,FY26-Q3,1.821,1.081,0.345,0.395,8.4,USD,r.kowalski@vendor-portal.example,2026-04-09,pending,historical_seed.csv
194,42,9,FY26-Q3,0.457,0.29,0.082,0.085,9.0,USD,a.osei@vendor-portal.example,2026-09-09,pending,historical_seed.csv
195,9,15,FY26-Q2,1.692,1.142,0.215,0.335,12.33,USD,a.osei@vendor-portal.example,2026-07-13,approved,historical_seed.csv
196,14,10,FY26-Q3,5.363,3.525,1.067,0.771,3.81,USD,t.nakamura@vendor-portal.example,2026-03-01,approved,historical_seed.csv
197,31,17,FY26-Q3,8.893,5.946,1.387,1.56,12.85,USD,j.alvarez@vendor-portal.example,2026-08-10,approved,historical_seed.csv
198,19,8,FY26-Q2,2.564,1.427,0.56,0.577,10.45,USD,r.kowalski@vendor-portal.example,2026-04-06,rejected,historical_seed.csv
199,16,4,FY26-Q3,0.518,0.325,0.089,0.104,9.39,USD,r.kowalski@vendor-portal.example,2026-03-15,approved,historical_seed.csv
200,9,15,FY26-Q1,1.842,1.146,0.275,0.421,13.13,USD,s.patel@vendor-portal.example,2026-07-12,approved,historical_seed.csv
201,9,10,FY26-Q3,1.682,1.057,0.26,0.365,4.07,USD,j.alvarez@vendor-portal.example,2026-04-12,approved,historical_seed.csv
202,40,10,FY26-Q1,5.996,3.318,0.925,1.753,4.2,USD,t.nakamura@vendor-portal.example,2026-05-21,rejected,historical_seed.csv
203,20,6,FY26-Q3,0.542,0.333,0.09,0.119,11.78,USD,r.kowalski@vendor-portal.example,2026-02-13,approved,historical_seed.csv
204,21,1,FY26-Q2,0.569,0.35,0.069,0.15,5.36,USD,t.nakamura@vendor-portal.example,2026-08-21,pending,historical_seed.csv
205,19,4,FY26-Q2,2.221,1.287,0.292,0.642,10.38,USD,t.nakamura@vendor-portal.example,2026-04-15,approved,historical_seed.csv
206,31,13,FY26-Q3,9.086,5.471,1.859,1.756,9.79,USD,t.nakamura@vendor-portal.example,2026-04-23,pending,historical_seed.csv
207,11,19,FY26-Q3,1.151,0.653,0.173,0.325,5.01,USD,r.kowalski@vendor-portal.example,2026-03-08,approved,historical_seed.csv
208,39,20,FY26-Q3,2.514,1.453,0.461,0.6,10.63,USD,t.nakamura@vendor-portal.example,2026-06-26,rejected,historical_seed.csv
209,13,6,FY26-Q2,2.809,1.677,0.464,0.668,3.59,USD,m.chen@vendor-portal.example,2026-01-17,rejected,historical_seed.csv
210,37,7,FY26-Q1,6.425,4.008,1.227,1.19,7.88,USD,m.chen@vendor-portal.example,2026-09-07,approved,historical_seed.csv
211,14,10,FY26-Q2,4.262,2.529,0.844,0.889,9.22,USD,t.nakamura@vendor-portal.example,2026-07-27,approved,historical_seed.csv
212,11,4,FY26-Q3,1.651,0.999,0.334,0.318,3.46,USD,r.kowalski@vendor-portal.example,2026-06-03,approved,historical_seed.csv
213,24,4,FY26-Q1,2.637,1.846,0.435,0.356,6.83,USD,m.chen@vendor-portal.example,2026-07-24,approved,historical_seed.csv
214,37,7,FY26-Q1,5.587,3.19,0.786,1.611,5.28,USD,t.nakamura@vendor-portal.example,2026-05-02,approved,historical_seed.csv
215,42,18,FY26-Q3,0.709,0.421,0.126,0.162,13.48,USD,m.chen@vendor-portal.example,2026-08-05,rejected,historical_seed.csv
216,13,14,FY26-Q3,4.089,2.327,0.845,0.917,5.75,USD,a.osei@vendor-portal.example,2026-05-19,approved,historical_seed.csv
217,20,13,FY26-Q3,0.617,0.364,0.1,0.153,7.97,USD,r.kowalski@vendor-portal.example,2026-08-06,pending,historical_seed.csv
218,29,17,FY26-Q3,9.413,6.416,1.558,1.439,8.37,USD,a.osei@vendor-portal.example,2026-08-06,approved,historical_seed.csv
219,4,15,FY26-Q2,3.717,2.266,0.806,0.645,12.07,USD,s.patel@vendor-portal.example,2026-04-30,approved,historical_seed.csv
220,45,18,FY26-Q3,0.56,0.383,0.11,0.067,3.51,USD,j.alvarez@vendor-portal.example,2026-01-30,pending,historical_seed.csv
221,45,4,FY26-Q1,0.477,0.333,0.078,0.066,13.95,USD,m.chen@vendor-portal.example,2026-04-21,pending,historical_seed.csv
222,11,9,FY26-Q1,1.316,0.74,0.245,0.331,10.14,USD,a.osei@vendor-portal.example,2026-04-19,approved,historical_seed.csv
223,18,8,FY26-Q1,3.492,1.921,0.586,0.985,4.46,USD,j.alvarez@vendor-portal.example,2026-02-07,approved,historical_seed.csv
224,42,1,FY26-Q1,0.662,0.462,0.107,0.093,4.45,USD,a.osei@vendor-portal.example,2026-08-08,approved,historical_seed.csv
225,42,4,FY26-Q1,0.531,0.316,0.084,0.131,11.95,USD,j.alvarez@vendor-portal.example,2026-07-11,approved,historical_seed.csv
226,5,17,FY26-Q3,8.838,5.078,1.371,2.389,5.34,USD,t.nakamura@vendor-portal.example,2026-02-24,approved,historical_seed.csv
227,3,15,FY26-Q2,1.946,1.111,0.257,0.578,11.03,USD,m.chen@vendor-portal.example,2026-04-14,rejected,historical_seed.csv
228,18,8,FY26-Q3,2.755,1.764,0.529,0.462,6.13,USD,m.chen@vendor-portal.example,2026-04-21,approved,historical_seed.csv
229,35,17,FY26-Q1,9.816,5.976,1.812,2.028,11.62,USD,m.chen@vendor-portal.example,2026-07-27,approved,historical_seed.csv
230,16,16,FY26-Q1,0.6,0.418,0.131,0.051,13.27,USD,s.patel@vendor-portal.example,2026-02-19,approved,historical_seed.csv
231,45,18,FY26-Q2,0.602,0.401,0.073,0.128,3.74,USD,r.kowalski@vendor-portal.example,2026-08-23,approved,historical_seed.csv
232,37,17,FY26-Q1,6.475,3.952,1.192,1.331,8.91,USD,j.alvarez@vendor-portal.example,2026-04-17,approved,historical_seed.csv
233,10,17,FY26-Q3,3.726,2.268,0.683,0.775,12.18,USD,a.osei@vendor-portal.example,2026-04-17,approved,historical_seed.csv
234,1,14,FY26-Q1,2.465,1.698,0.324,0.443,9.74,USD,j.alvarez@vendor-portal.example,2026-06-25,approved,historical_seed.csv
235,20,1,FY26-Q3,0.655,0.376,0.141,0.138,8.75,USD,m.chen@vendor-portal.example,2026-03-16,approved,historical_seed.csv
236,3,9,FY26-Q3,1.481,0.91,0.255,0.316,5.89,USD,r.kowalski@vendor-portal.example,2026-01-11,approved,historical_seed.csv
237,37,17,FY26-Q1,6.737,4.278,1.056,1.403,5.81,USD,m.chen@vendor-portal.example,2026-07-25,pending,historical_seed.csv
238,1,17,FY26-Q1,3.356,1.852,0.418,1.086,7.0,USD,t.nakamura@vendor-portal.example,2026-09-04,approved,historical_seed.csv
239,17,14,FY26-Q3,2.798,1.923,0.425,0.45,12.09,USD,a.osei@vendor-portal.example,2026-01-08,approved,historical_seed.csv
240,22,2,FY26-Q2,10.604,7.393,2.284,0.927,3.76,USD,s.patel@vendor-portal.example,2026-04-16,pending,historical_seed.csv
241,5,3,FY26-Q1,7.805,4.634,1.549,1.622,11.14,USD,m.chen@vendor-portal.example,2026-01-13,approved,historical_seed.csv
242,20,18,FY26-Q3,0.444,0.272,0.064,0.108,6.81,USD,j.alvarez@vendor-portal.example,2026-04-04,pending,historical_seed.csv
243,29,13,FY26-Q1,6.826,4.297,0.982,1.547,8.41,USD,a.osei@vendor-portal.example,2026-07-12,rejected,historical_seed.csv
244,3,9,FY26-Q2,1.967,1.347,0.338,0.282,10.71,USD,t.nakamura@vendor-portal.example,2026-08-10,approved,historical_seed.csv
245,19,4,FY26-Q3,2.552,1.555,0.457,0.54,3.69,USD,s.patel@vendor-portal.example,2026-05-24,rejected,historical_seed.csv
246,23,9,FY26-Q1,3.422,2.26,0.519,0.643,5.99,USD,t.nakamura@vendor-portal.example,2026-07-15,rejected,historical_seed.csv
247,16,4,FY26-Q1,0.49,0.304,0.079,0.107,8.9,USD,s.patel@vendor-portal.example,2026-01-28,approved,historical_seed.csv
248,20,4,FY26-Q1,0.687,0.409,0.131,0.147,9.64,USD,m.chen@vendor-portal.example,2026-04-08,pending,historical_seed.csv
249,14,3,FY26-Q1,4.697,2.618,0.704,1.375,12.02,USD,r.kowalski@vendor-portal.example,2026-02-27,approved,historical_seed.csv
250,16,18,FY26-Q1,0.58,0.389,0.078,0.113,3.13,USD,s.patel@vendor-portal.example,2026-03-01,approved,historical_seed.csv
